customer_id,email_hash,segment,company_name,city,state,signup_date
C0001,d727b66348a01da4,B2C,,Porto Alegre,RS,2022-04-04
C0002,5f567b9dae6c06f0,B2C,,Curitiba,PR,2022-01-28
C0003,629f19126acea07a,B2C,,Brasília,DF,2024-11-24
C0004,d25872f9b36474ef,B2C,,Porto Alegre,RS,2024-07-05
C0005,bb552228de7d5f48,B2B,Hospital São Luís Nutrição,,,2024-10-07
C0006,36769b90c8db2873,B2B,Escola Estadual Cantina,Rio de Janeiro,RJ,2023-08-09
C0007,35288dfb1a717ae4,B2B,Restaurante Prato Verde,,PR,2024-06-01
C0008,780aff0921f0103a,B2C,,Brasília,DF,2024-06-02
C0009,247799b177a850a9,B2C,,Campinas,SP,2023-09-16
C0010,5aee387f798c5fcf,B2C,,Curitiba,PR,2024-11-19
C0011,9c719c5f8a05f83d,B2B,Padaria Integral Ltda,São Paulo,SP,2023-04-22
C0012,0be1ce7b74967d85,B2C,,São Paulo,SP,2023-02-19
C0013,bb892eff234f94dc,B2B,Hospital São Luís Nutrição,Rio de Janeiro,RJ,2022-10-23
C0014,6d77e07e0de66a37,B2B,Restaurante Vegê,Porto Alegre,RS,2024-07-16
C0015,818b660430684c6b,B2B,Hospital São Luís Nutrição,São Paulo,SP,2024-11-08
C0016,a9c84d9e0368cc49,B2C,,Rio de Janeiro,RJ,2024-01-26
C0017,b4d7ebfcad23d67f,B2C,,São Paulo,SP,2022-05-05
C0018,258aba6622a88808,B2C,,São Paulo,SP,2023-06-07
C0019,88e2152ee118b7c4,B2C,,Salvador,BA,2024-07-27
C0020,bdf58a6902bea166,B2C,,São Paulo,SP,2023-03-04
C0021,4af3aecec799ad0b,B2C,,,,2023-11-25
C0022,aa2fe52a0e1e4105,B2C,,,SP,2023-04-03
C0023,539d33f321b695f6,B2C,,Salvador,BA,2024-11-07
C0024,86e6cbb59455a498,B2C,,Belo Horizonte,MG,2022-10-29
C0025,19792653ce3a5a53,B2C,,Rio de Janeiro,RJ,2022-07-30
C0026,13097c2488f9d3a2,B2C,,São Paulo,SP,2023-03-06
C0027,4e4d24ce4513d70a,B2C,,Rio de Janeiro,RJ,2023-05-20
C0028,85d91926f72eed56,B2C,,Porto Alegre,RS,2023-08-12
C0029,846aec11edad1001,B2C,,,,2023-03-22
C0030,b86289985bbb38df,B2C,,Porto Alegre,RS,2024-10-07
C0031,b5a797e0cbe3d534,B2B,Hotel Fazenda Eco,Belo Horizonte,MG,2022-09-29
C0032,964eb9e2f734673c,B2C,,Salvador,BA,2024-01-23
C0033,f95afe6c89e93b05,B2C,,São Paulo,SP,2023-12-31
C0034,1010e67d0bd3e10a,B2C,,,,2024-03-26
C0035,0798bf9cf8a2ab66,B2C,,Florianópolis,SC,2022-11-19
C0036,34d4a574ee91273a,B2C,,Campinas,SP,2022-09-29
C0037,52bc557da8524b88,B2B,Hospital São Luís Nutrição,Campinas,SP,2024-06-17
C0038,cdfa35d8f8478096,B2C,,,,2024-11-26
C0039,590f338cac532397,B2C,,Belo Horizonte,MG,2022-02-28
C0040,1fae2b5bc4c6f296,B2C,,São Paulo,SP,2024-03-06
C0041,ef488e67a5c8b218,B2C,,Porto Alegre,RS,2023-01-11
C0042,63d2ca65d8184d5c,B2B,Café Orgânico Ltda,Porto Alegre,RS,2023-03-10
C0043,f04ba19e320a2cf0,B2B,Catering Saudável Eventos,Rio de Janeiro,RJ,2022-09-30
C0044,82bd1ca27749f777,B2C,,Porto Alegre,RS,2023-12-13
C0045,105f4f556750c02f,B2C,,,,2022-10-25
C0046,b3177d766e1e9b74,B2C,,Recife,PE,2023-11-29
C0047,6f9df5570b50f50b,B2C,,São Paulo,SP,2022-06-06
C0048,6744537584f3de67,B2C,,Recife,PE,2023-04-15
C0049,75b47ea7ffb8e862,B2C,,Campinas,SP,2022-11-07
C0050,52c786ad04d81433,B2C,,Belo Horizonte,MG,2024-02-17
C0051,c53474c49a1b066b,B2C,,Salvador,BA,2022-10-18
C0052,1f2d1e4288a5d784,B2C,,São Paulo,SP,2024-07-26
C0053,3396fc346d1afce8,B2C,,São Paulo,SP,2024-01-13
C0054,ad6718d531f7ea47,B2B,Restaurante Vegê,São Paulo,SP,2024-05-31
C0055,c1f1dbd01dff9f4b,B2C,,São Paulo,SP,2023-10-06
C0056,67d8f28188e33a19,B2C,,São Paulo,SP,2024-09-15
C0057,a960c561c5f11e76,B2C,,Recife,PE,2024-10-26
C0058,4287b3b47b8c174e,B2C,,Fortaleza,CE,2024-04-16
C0059,f2918d0442daf08a,B2C,,Florianópolis,SC,2022-04-08
C0060,01dcce04ec302a5d,B2C,,Manaus,AM,2023-09-05
C0061,5f2e46e9a4134af7,B2C,,Salvador,BA,2023-04-19
C0062,11abf5656f14bed0,B2C,,São Paulo,SP,2023-09-26
C0063,ad4f07e22d97e788,B2C,,Salvador,BA,2022-05-28
C0064,3c070ce511bd11b4,B2C,,São Paulo,SP,2022-09-03
C0065,bcffd1528e7ae303,B2C,,Curitiba,PR,2023-03-02
C0066,ce2ba72e5b559568,B2B,Loja Mundo Verde Franquia,Rio de Janeiro,RJ,2024-06-13
C0067,99773c9eeddfd6a7,B2C,,Rio de Janeiro,RJ,2024-02-06
C0068,2892c5950d45720e,B2C,,São Paulo,SP,2024-03-22
C0069,eab9f60b218d4840,B2B,Hospital São Luís Nutrição,Rio de Janeiro,RJ,2022-11-23
C0070,02fbd9829c01c51e,B2C,,Salvador,BA,2022-02-22
C0071,167bd4a3501b96c7,B2C,,Campinas,SP,2022-02-13
C0072,4ef9164066184e53,B2C,,Rio de Janeiro,RJ,2022-10-22
C0073,88f255d1471d6cc8,B2C,,Brasília,DF,2022-03-06
C0074,b922c6ecd045e289,B2C,,São Paulo,SP,2024-02-24
C0075,5c99672bbd81f0ef,B2C,,Curitiba,PR,2024-03-19
C0076,56cf5e5f57aaefda,B2C,,São Paulo,SP,2022-07-28
C0077,e6ce260155de13f2,B2C,,São Paulo,SP,2024-11-23
C0078,44a4c854fd972bdb,B2C,,Rio de Janeiro,RJ,2023-09-14
C0079,49387ac35987b63d,B2C,,Florianópolis,SC,2023-12-06
C0080,1b09be8798b7f723,B2C,,Recife,PE,2022-08-08
C0081,dad3c3e57db7e67a,B2B,Hospital São Luís Nutrição,Campinas,SP,2022-03-24
C0082,bd41d3d4349529d5,B2C,,Recife,PE,2023-04-25
C0083,0276c7e9f96a70cc,B2B,Supermercado Bio Brasil,Belo Horizonte,MG,2023-02-05
C0084,fcf60b40af798944,B2B,Restaurante Vegê,Recife,PE,2022-02-09
C0085,536c52eb0724395f,B2C,,Rio de Janeiro,RJ,2024-06-02
C0086,b23f4c3e83e056c4,B2C,,Porto Alegre,RS,2022-10-05
C0087,920540c0cdb1c413,B2C,,Curitiba,PR,2022-08-06
C0088,b46b02af9822ba1b,B2C,,Recife,PE,2023-03-18
C0089,63e5f0d05daed9e1,B2C,,Rio de Janeiro,RJ,2024-05-27
C0090,0fcb97bd1bc8f8f9,B2C,,São Paulo,SP,2023-09-17
C0091,320cbff9f61a0fa3,B2C,,Rio de Janeiro,RJ,2024-11-04
C0092,db6f9e11bcc61c46,B2C,,,,2024-04-28
C0093,c5c194007955108d,B2C,,Salvador,BA,2022-07-06
C0094,181527d7a78d6217,B2C,,Brasília,DF,2024-08-02
C0095,a1df42af30e7c023,B2C,,São Paulo,SP,2023-10-13
C0096,00f2114041221aba,B2B,Padaria Integral Ltda,São Paulo,SP,2024-02-26
C0097,f3e5b3c7f07d73d4,B2C,,,SP,2024-01-24
C0098,42aa655247495296,B2C,,Brasília,DF,2024-02-15
C0099,7cdc60a8471fe582,B2C,,Rio de Janeiro,RJ,2024-11-22
C0100,0683a48930e1b30c,B2B,Supermercado Bio Brasil,Rio de Janeiro,RJ,2024-09-12
C0101,f3d1666319ff483b,B2C,,Rio de Janeiro,RJ,2024-04-16
C0102,fb7671910be2c8c7,B2C,,São Paulo,SP,2022-03-15
C0103,f527e3ba052bda8c,B2C,,Manaus,AM,2023-05-02
C0104,183452bea719b7b8,B2C,,Curitiba,PR,2022-05-19
C0105,3697bcb794632a7b,B2B,Escola Estadual Cantina,Rio de Janeiro,RJ,2024-08-14
C0106,b5d1b1f0f84abd0c,B2C,,São Paulo,SP,2022-04-20
C0107,fdf4770ccf626460,B2B,Bistrô Natureza,Campinas,SP,2024-07-31
C0108,3a616acfc92b20a7,B2C,,Rio de Janeiro,RJ,2022-02-28
C0109,57f967f1b07913f1,B2C,,São Paulo,SP,2022-06-28
C0110,386ceb335a01e959,B2C,,São Paulo,SP,2022-12-30
C0111,e85b2ca1e7a77cfb,B2B,Hospital São Luís Nutrição,Campinas,SP,2024-11-04
C0112,d01dc7269f16e7d9,B2C,,São Paulo,SP,2023-09-01
C0113,0548673d19003c42,B2C,,Curitiba,PR,2024-01-02
C0114,ffcd22e2ae8e38e9,B2C,,Manaus,AM,2023-09-15
C0115,83a327780cf9e756,B2C,,Belo Horizonte,MG,2022-04-02
C0116,115f7e7fd03ab797,B2C,,Porto Alegre,RS,2023-10-21
C0117,e9007c3d9790c1cb,B2C,,Recife,PE,2024-05-11
C0118,ad1994ba3da669c9,B2C,,Campinas,SP,2023-04-27
C0119,ec7397db89980e1c,B2C,,Brasília,DF,2022-07-10
C0120,c4722bbd2ba4a207,B2C,,Rio de Janeiro,RJ,2023-03-02
C0121,e4774ca8b5b8c4f8,B2C,,Belo Horizonte,MG,2023-01-23
C0122,2d13432fd377975c,B2C,,Belo Horizonte,MG,2023-02-23
C0123,ef01ab668df66f48,B2C,,,,2023-11-04
C0124,081eb4784e9c5287,B2C,,Porto Alegre,RS,2024-08-05
C0125,b6822d02a5e9f78d,B2C,,Recife,PE,2023-03-04
C0126,cdfb030e74ef6b5e,B2C,,,,2023-09-13
C0127,d5093671e994c5d7,B2C,,Campinas,SP,2022-05-01
C0128,e27dff36187fc35c,B2C,,São Paulo,SP,2024-09-08
C0129,05aa6f7d7a0cf2d5,B2C,,São Paulo,SP,2024-08-24
C0130,a304c1ec9fed3980,B2C,,Curitiba,PR,2023-05-05
C0131,6e749a089bd8223f,B2C,,Rio de Janeiro,RJ,2022-05-16
C0132,5ae3f52ef22475c7,B2C,,Rio de Janeiro,RJ,2024-11-25
C0133,2e4a3311075c794b,B2C,,Fortaleza,CE,2023-10-17
C0134,62330730c4074913,B2C,,São Paulo,SP,2023-07-30
C0135,a78b547540e10b00,B2C,,São Paulo,SP,2024-06-09
C0136,183024c672a6b287,B2C,,Florianópolis,SC,2022-04-10
C0137,a3d53d3408f7bfb2,B2C,,Curitiba,PR,2024-05-15
C0138,771ff8a60760c5c3,B2C,,,,2022-08-30
C0139,3e633b1073877987,B2C,,Recife,PE,2024-07-10
C0140,7d8043dfc54f6bc0,B2C,,Rio de Janeiro,RJ,2023-06-06
C0141,d181f2ae05dd9b3c,B2C,,,,2022-06-29
C0142,6d976edf49c1c4ed,B2C,,Belo Horizonte,MG,2023-10-22
C0143,1e031e30ada51771,B2C,,Rio de Janeiro,RJ,2022-05-09
C0144,06f569006943c6fd,B2C,,Belo Horizonte,MG,2023-08-28
C0145,0c04ebd993969b97,B2C,,Curitiba,PR,2023-07-16
C0146,cfc0e6737de9755e,B2C,,Campinas,SP,2022-12-25
C0147,b63c032837c36d06,B2C,,Curitiba,PR,2023-09-26
C0148,54a8dda1b4fc2f4e,B2C,,,MG,2023-11-01
C0149,56de4feeca4f2a55,B2B,Supermercado Bio Brasil,Rio de Janeiro,RJ,2024-02-23
C0150,aacbf2efeac0f9f7,B2C,,Curitiba,PR,2022-03-04
C0151,5c82c8db1ef60cda,B2B,Supermercado Bio Brasil,Belo Horizonte,MG,2024-07-30
C0152,04fde2baefc8375b,B2C,,Salvador,BA,2023-10-01
C0153,8e35e9c7e25d50d9,B2C,,,,2024-01-16
C0154,641b7d82cfd07ddc,B2C,,Rio de Janeiro,RJ,2023-08-08
C0155,2a92bc251d1c9afd,B2C,,São Paulo,SP,2023-06-27
C0156,5f5a20c59876d675,B2C,,Curitiba,PR,2022-12-06
C0157,2ab296fb3d199e03,B2C,,Porto Alegre,RS,2023-11-02
C0158,2550cf1e9d3fabe3,B2B,Empório Sustentável,,,2023-08-19
C0159,69da3440ef39721d,B2C,,Porto Alegre,RS,2022-10-27
C0160,39978a1973dc253f,B2C,,,,2024-03-27
C0161,78cbd5f19065819c,B2C,,São Paulo,SP,2024-09-05
C0162,09a60235ea40640e,B2B,Catering Saudável Eventos,Rio de Janeiro,RJ,2024-06-10
C0163,e0d136c7d1e15df3,B2C,,São Paulo,SP,2023-02-20
C0164,9eb6baceb713fa82,B2B,Hotel Fazenda Eco,,,2023-02-04
C0165,56e2580adb87fcd4,B2C,,,BA,2022-06-24
C0166,a9684acff545bc19,B2C,,São Paulo,SP,2024-01-15
C0167,3aed878b6a3162f2,B2C,,Belo Horizonte,MG,2023-10-05
C0168,a3f5efc86ad916de,B2C,,,,2022-12-25
C0169,c7937f757ef9ee17,B2B,Empório Sustentável,,SP,2024-08-10
C0170,7bdc834259d52ab1,B2C,,,RS,2022-10-29
C0171,dd1d0f9081c1ba68,B2C,,Recife,PE,2022-01-22
C0172,d11f53391a6cd7db,B2C,,Recife,PE,2023-03-23
C0173,be606119c656b24f,B2C,,Curitiba,PR,2022-09-17
C0174,c92e1286591f596a,B2B,Rede Vida Saudável,São Paulo,SP,2024-08-21
C0175,744ff17fe5d6923b,B2C,,Recife,PE,2024-01-14
C0176,77b715df142fa327,B2C,,São Paulo,SP,2024-04-15
C0177,c8505917d944179a,B2C,,São Paulo,SP,2022-04-30
C0178,dd5f578aaec00fd3,B2C,,,PR,2022-12-31
C0179,09e495650945d563,B2C,,,,2024-10-10
C0180,4fbe76dc0195b1ef,B2C,,Rio de Janeiro,RJ,2023-02-10
C0181,afed159b01728519,B2C,,Florianópolis,SC,2022-04-30
C0182,5773607e745d2e25,B2C,,Florianópolis,SC,2023-09-29
C0183,245826c36239df5d,B2C,,Porto Alegre,RS,2022-05-31
C0184,25ab20621274312f,B2C,,,BA,2022-06-01
C0185,ea3bc984594a3cdb,B2C,,,,2023-01-04
C0186,03364391dcc0dcd7,B2B,Hotel Fazenda Eco,São Paulo,SP,2024-11-14
C0187,7024857c086c6db7,B2C,,São Paulo,SP,2022-03-28
C0188,b8a435d17605f070,B2C,,São Paulo,SP,2023-10-17
C0189,2967e258046b1486,B2C,,Porto Alegre,RS,2024-07-16
C0190,6ab0d9584b56a7b7,B2C,,São Paulo,SP,2022-05-12
C0191,37eebddd85feec93,B2B,Bistrô Natureza,Belo Horizonte,MG,2024-08-25
C0192,cdd07c3e429d79ad,B2C,,,RJ,2024-04-24
C0193,bb9280b1c649e693,B2C,,,,2023-10-22
C0194,b06960567571d44d,B2B,Padaria Integral Ltda,Rio de Janeiro,RJ,2024-03-06
C0195,4e9e9c852dd8a908,B2B,Padaria Integral Ltda,São Paulo,SP,2023-02-27
C0196,6c8fabee50fbe92b,B2B,Café Orgânico Ltda,Campinas,SP,2023-06-27
C0197,ac409e7f7d8623b1,B2C,,,,2022-06-13
C0198,21010498d14e02d4,B2C,,Belo Horizonte,MG,2024-07-02
C0199,4a53c4226850c0f3,B2C,,Belo Horizonte,MG,2023-06-02
C0200,a45f13b9924eaa16,B2B,Supermercado Bio Brasil,São Paulo,SP,2023-03-13
C0201,cb54213d63fec0b1,B2C,,São Paulo,SP,2023-08-05
C0202,e4ce3e822b827a73,B2C,,São Paulo,SP,2024-01-24
C0203,12ad5343452de1b1,B2C,,Belo Horizonte,MG,2022-12-30
C0204,45ee1c447d6552c9,B2C,,,,2022-12-07
C0205,2cb8f190d403a107,B2B,Supermercado Bio Brasil,Curitiba,PR,2022-05-06
C0206,d4d2465d35f97d35,B2C,,Fortaleza,CE,2024-10-01
C0207,c9b69e9f29a61c5b,B2B,Restaurante Vegê,Fortaleza,CE,2023-09-13
C0208,3a209110c5e5e2c2,B2C,,,,2023-07-04
C0209,3a1b17e9457abbf2,B2C,,,SP,2023-11-03
C0210,a0aaea233a7901d1,B2C,,Porto Alegre,RS,2023-08-06
C0211,dad9938cfab903eb,B2C,,Curitiba,PR,2023-04-29
C0212,7d8420cd771c155f,B2C,,Salvador,BA,2022-04-18
C0213,67e0d19c10358afe,B2B,Hospital São Luís Nutrição,Fortaleza,CE,2024-10-22
C0214,77de9e1c3ba58f04,B2C,,São Paulo,SP,2023-10-14
C0215,ba720de0c7f9570a,B2C,,Rio de Janeiro,RJ,2023-03-22
C0216,9f77c49f4a9e0d80,B2C,,Porto Alegre,RS,2023-05-06
C0217,b3a129da5a0cea56,B2C,,,DF,2023-03-14
C0218,2db4204bb3ea451b,B2B,Bistrô Natureza,São Paulo,SP,2023-12-16
C0219,7263e3967ebe057a,B2C,,Rio de Janeiro,RJ,2023-10-29
C0220,a1e7e1f250b064bd,B2B,Loja Mundo Verde Franquia,Rio de Janeiro,RJ,2022-06-28
C0221,809df26c4e27b96b,B2B,Supermercado Bio Brasil,Curitiba,PR,2023-12-30
C0222,10aebf0ad72f6f73,B2C,,,CE,2024-09-21
C0223,35cee6cb236277b1,B2C,,,AM,2023-03-16
C0224,0bf6b4a9c373c159,B2C,,Brasília,DF,2022-03-04
C0225,6cca597a2cb17246,B2C,,Belo Horizonte,MG,2024-02-13
C0226,39b324bc61999c50,B2B,Restaurante Vegê,Rio de Janeiro,RJ,2023-03-20
C0227,99670b9424e40d5a,B2C,,,,2022-10-09
C0228,eab6a9ac6473ab4c,B2C,,Curitiba,PR,2023-11-02
C0229,4424fa9c8d97f6e3,B2B,Escola Estadual Cantina,São Paulo,SP,2024-03-29
C0230,782c85ad799c60e2,B2C,,São Paulo,SP,2023-06-08
C0231,b868461c7c6851b1,B2C,,Rio de Janeiro,RJ,2023-07-25
C0232,a1b188b2ada6241d,B2C,,Florianópolis,SC,2023-11-05
C0233,c7e900c775621cb5,B2C,,Belo Horizonte,MG,2023-02-06
C0234,ab3e0fc6bc4e59bf,B2C,,São Paulo,SP,2024-11-28
C0235,77d06f7dbcf94672,B2C,,,,2024-03-09
C0236,8b7c6031f4ed616c,B2C,,Florianópolis,SC,2022-03-10
C0237,a86bcd67caa9c5b7,B2B,Hospital São Luís Nutrição,Recife,PE,2023-05-15
C0238,0c4cb1ec343ec06d,B2C,,Brasília,DF,2024-05-19
C0239,6fabf2434c3e4771,B2C,,Campinas,SP,2024-08-05
C0240,9b6055c192ccb44f,B2C,,Rio de Janeiro,RJ,2023-01-27
C0241,c745836e5ed92ae8,B2B,Restaurante Vegê,São Paulo,SP,2022-11-05
C0242,09130d0e55aa197a,B2B,Restaurante Vegê,Belo Horizonte,MG,2024-01-13
C0243,4087f35fb8ca6b0a,B2C,,,SP,2023-03-07
C0244,591c042e5f59f107,B2C,,,,2024-04-28
C0245,62af52009704d195,B2B,Padaria Integral Ltda,,,2022-05-28
C0246,892523a68f01154a,B2B,Hospital São Luís Nutrição,Florianópolis,SC,2023-11-26
C0247,eb6e023ce4819979,B2C,,Belo Horizonte,MG,2023-10-25
C0248,0d418e517f01f752,B2C,,Curitiba,PR,2023-12-27
C0249,03866102cc800641,B2B,Clube Esportivo NutriVida,São Paulo,SP,2022-05-22
C0250,6e0b98fdf6f51687,B2C,,São Paulo,SP,2023-08-09
C0251,ef1213c1de0e1d02,B2C,,São Paulo,SP,2024-10-16
C0252,c6ee9e9319c8696e,B2C,,,,2023-12-24
C0253,2328991e31700ea2,B2C,,,,2022-03-11
C0254,ff67c6c20cc35147,B2B,Restaurante Prato Verde,Recife,PE,2023-07-22
C0255,aae431c42d9f3f9d,B2B,Loja Mundo Verde Franquia,São Paulo,SP,2024-06-28
C0256,15b160da113a9a37,B2C,,Florianópolis,SC,2023-06-05
C0257,699e668c92a3af0d,B2C,,,,2024-03-03
C0258,83fd3f283f785c99,B2C,,Fortaleza,CE,2022-12-01
C0259,045e271d65974cf4,B2C,,São Paulo,SP,2022-11-28
C0260,f80e77e497c8ba0d,B2C,,Rio de Janeiro,RJ,2022-08-10
C0261,ce22c36cedb95e52,B2C,,Curitiba,PR,2023-02-14
C0262,f3183f85eccd5f31,B2C,,,,2023-01-21
C0263,4c6a48d386b936a6,B2C,,Campinas,SP,2024-03-21
C0264,bcf4b54037998910,B2C,,Porto Alegre,RS,2022-09-02
C0265,1f3cb2f73c42bba3,B2B,Catering Saudável Eventos,São Paulo,SP,2024-07-05
C0266,9de3ef0444ee957c,B2C,,Recife,PE,2023-05-25
C0267,a5cf43a0708afe98,B2C,,Curitiba,PR,2024-03-23
C0268,3f924ee65ad30fe9,B2C,,,SC,2023-04-25
C0269,c0ae065fcce95c4e,B2C,,Campinas,SP,2024-08-17
C0270,3422452e190db1b6,B2B,Mercado Natural SP,Rio de Janeiro,RJ,2024-03-25
C0271,efa13e875326886b,B2C,,,RJ,2024-06-25
C0272,f31fdca2407a3bdc,B2C,,Rio de Janeiro,RJ,2022-10-15
C0273,09112413c5c54b18,B2C,,Rio de Janeiro,RJ,2022-04-28
C0274,78ad7b2ee33d7d39,B2C,,,SP,2024-10-19
C0275,10d22b63eabcbf8f,B2C,,Belo Horizonte,MG,2023-09-02
C0276,d83d31ed94508d46,B2C,,Fortaleza,CE,2023-01-01
C0277,87f30e158882eacd,B2C,,,SP,2022-12-22
C0278,d84752beac8236d1,B2C,,,,2022-08-08
C0279,72ea4a8e717f578a,B2C,,São Paulo,SP,2024-02-07
C0280,48072475b7bd27a4,B2C,,São Paulo,SP,2024-01-14
C0281,28d2ca3fca5ea281,B2C,,Belo Horizonte,MG,2023-08-27
C0282,ac05ca1d74d81fe6,B2B,Restaurante Prato Verde,São Paulo,SP,2024-08-13
C0283,c35924c2c3e01ceb,B2C,,São Paulo,SP,2023-06-06
C0284,c84d21dcdf9adec5,B2C,,São Paulo,SP,2022-08-27
C0285,9990a34108c70d16,B2C,,Rio de Janeiro,RJ,2023-10-10
C0286,d04135924bf5876a,B2B,Clube Esportivo NutriVida,Rio de Janeiro,RJ,2022-05-15
C0287,34cb19aa1433ff3b,B2B,Escola Estadual Cantina,,RJ,2023-10-19
C0288,c66b4cedee02b726,B2C,,São Paulo,SP,2024-02-18
C0289,e8a406e2bb89d0c1,B2C,,Belo Horizonte,MG,2024-10-22
C0290,321a840f37306d37,B2C,,Belo Horizonte,MG,2024-03-13
C0291,638fa6716d36df58,B2C,,São Paulo,SP,2022-10-02
C0292,bd9eb534bfab70db,B2C,,,SC,2023-10-10
C0293,3c3f987acfb204d5,B2C,,,,2023-07-27
C0294,599261a2002d896f,B2C,,Curitiba,PR,2022-10-05
C0295,8b782ee0636a341f,B2B,Café Orgânico Ltda,Rio de Janeiro,RJ,2022-02-28
C0296,7502e2d48b5bc454,B2C,,Campinas,SP,2022-09-27
C0297,1bc9ff3e622202f4,B2C,,Rio de Janeiro,RJ,2024-06-07
C0298,7c1f8c5dff56bcba,B2C,,São Paulo,SP,2024-02-23
C0299,55953506177dacb9,B2C,,Porto Alegre,RS,2023-03-10
C0300,cc7a2f2f62a9883e,B2C,,São Paulo,SP,2022-05-07
C0301,549945dd44c0ea10,B2C,,Brasília,DF,2022-09-07
C0302,acbc78cf573f1b73,B2C,,São Paulo,SP,2023-03-26
C0303,5ff3681d56aac9c5,B2C,,Campinas,SP,2024-01-18
C0304,9387d3f63a5c30b2,B2C,,Florianópolis,SC,2023-04-26
C0305,2b01692f8815c299,B2C,,São Paulo,SP,2024-04-06
C0306,002d93375e60737c,B2C,,Fortaleza,CE,2024-08-05
C0307,3494efc9f061f500,B2C,,São Paulo,SP,2023-01-30
C0308,590c9e123b5f6926,B2C,,Porto Alegre,RS,2023-05-08
C0309,fce4f4275246444d,B2B,Hospital São Luís Nutrição,Campinas,SP,2024-04-21
C0310,cba167a2fa9d5c9e,B2B,Hotel Fazenda Eco,São Paulo,SP,2024-10-05
C0311,d135d1f31c8de92a,B2C,,São Paulo,SP,2023-06-22
C0312,7df430e4457ceb24,B2C,,,,2022-03-24
C0313,875017a2d28201f2,B2C,,São Paulo,SP,2024-11-21
C0314,9df6701614121367,B2C,,Belo Horizonte,MG,2022-04-07
C0315,474fd3735a52d404,B2C,,Curitiba,PR,2023-08-08
C0316,5f8f61c2dfd414cb,B2C,,São Paulo,SP,2022-02-21
C0317,7606e11bbc1e8825,B2C,,Belo Horizonte,MG,2023-07-14
C0318,e156dc086900a99e,B2B,Padaria Integral Ltda,Belo Horizonte,MG,2024-04-23
C0319,4f58cf110346783a,B2C,,Campinas,SP,2022-12-15
C0320,90b459628eb65c28,B2C,,Porto Alegre,RS,2024-07-04
C0321,9a34c1720bb2c77c,B2C,,Recife,PE,2024-01-14
C0322,e0530450c8a4916f,B2C,,Rio de Janeiro,RJ,2022-10-14
C0323,4133b70f2b322012,B2C,,Campinas,SP,2024-07-05
C0324,1e940451349b7149,B2C,,Campinas,SP,2022-06-14
C0325,95bdb5c45021ece1,B2C,,São Paulo,SP,2023-06-23
C0326,ff15ad8b69187e22,B2C,,Campinas,SP,2023-04-16
C0327,aeaeea767faf4f51,B2C,,Rio de Janeiro,RJ,2022-03-08
C0328,a1071f3d4310a568,B2C,,Curitiba,PR,2022-11-24
C0329,d3981587377c6559,B2C,,São Paulo,SP,2022-11-15
C0330,9fd631269bb3a946,B2C,,Curitiba,PR,2022-07-21
C0331,eca119b1573856ba,B2C,,,PR,2022-09-17
C0332,e4a6fcb56954fe59,B2C,,Florianópolis,SC,2022-04-20
C0333,b6f6ad475b44617b,B2C,,Porto Alegre,RS,2023-03-12
C0334,73f7b1cf68f7261f,B2C,,Fortaleza,CE,2022-10-31
C0335,1a73c26b8f68a755,B2C,,Rio de Janeiro,RJ,2022-12-22
C0336,7334fd85800c5534,B2C,,São Paulo,SP,2022-05-26
C0337,37de985666da49fe,B2C,,Curitiba,PR,2023-04-12
C0338,f428780bcb66ea6e,B2C,,Florianópolis,SC,2023-05-27
C0339,aa569b14a9208e21,B2C,,Recife,PE,2022-07-18
C0340,db1f01c6167c05da,B2C,,,,2022-05-28
C0341,60064637d9044513,B2C,,Belo Horizonte,MG,2023-08-30
C0342,80dd0230f518a11e,B2C,,Porto Alegre,RS,2024-05-12
C0343,48a543d1739c1e5b,B2C,,Rio de Janeiro,RJ,2024-08-09
C0344,ed46d59b00106ce4,B2C,,Curitiba,PR,2022-10-23
C0345,4922e6dd4826ed91,B2C,,Salvador,BA,2024-07-30
C0346,116a49df0423ee01,B2C,,Brasília,DF,2024-08-25
C0347,f84ca74c737ec694,B2C,,,,2022-04-19
C0348,2fb16ed5df933eed,B2C,,Rio de Janeiro,RJ,2023-05-28
C0349,87f12dd42da2dcd9,B2C,,Porto Alegre,RS,2023-12-15
C0350,01970c64dede98b5,B2B,Restaurante Prato Verde,Salvador,BA,2022-12-08
C0351,3b49ba2173e8037e,B2C,,,PE,2024-02-10
C0352,006282611eddfd15,B2C,,Belo Horizonte,MG,2023-12-30
C0353,bfc712a72ac057a8,B2C,,Salvador,BA,2023-02-16
C0354,d5cac99a655725d3,B2C,,,RJ,2023-01-20
C0355,1a9f751f6798fc26,B2C,,Campinas,SP,2022-07-11
C0356,c8ae3caa486454b0,B2C,,São Paulo,SP,2024-06-21
C0357,fb173f145d0ef267,B2C,,,,2022-01-10
C0358,3cf5c359ea898e9d,B2C,,,,2024-06-25
C0359,1e191e89a8b2a5b3,B2B,Empório Sustentável,São Paulo,SP,2024-07-12
C0360,cbc4b5339f2b7769,B2C,,,,2023-05-25
C0361,94603acb6967d85d,B2C,,São Paulo,SP,2023-07-02
C0362,9527a6c9ec6ac021,B2B,Bistrô Natureza,São Paulo,SP,2024-01-13
C0363,7c9db0516394ff06,B2C,,Rio de Janeiro,RJ,2023-01-25
C0364,b54af003dd6e4d96,B2B,Café Orgânico Ltda,São Paulo,SP,2024-10-26
C0365,98c188306b7e7511,B2C,,Florianópolis,SC,2023-03-03
C0366,a1c056d3253c1367,B2C,,Campinas,SP,2022-08-31
C0367,d958d076ca734f4f,B2B,Clube Esportivo NutriVida,São Paulo,SP,2022-03-20
C0368,dba86afd3bb92c7d,B2C,,São Paulo,SP,2023-04-10
C0369,a0621e5b383eb4c6,B2C,,,SP,2023-09-16
C0370,f339a8ae2ab9afd8,B2C,,São Paulo,SP,2024-03-23
C0371,d0d48eaef297172a,B2C,,Curitiba,PR,2022-08-17
C0372,3bf73ed1ff4d3e90,B2C,,,CE,2023-05-29
C0373,6fd50bab16bdd2da,B2C,,São Paulo,SP,2024-01-16
C0374,adc9e80043dc4458,B2B,Hotel Fazenda Eco,Rio de Janeiro,RJ,2024-11-24
C0375,279f221810aa7885,B2C,,,,2022-09-30
C0376,4a551662ac1e5d4f,B2C,,Rio de Janeiro,RJ,2023-11-23
C0377,838f64a3e55cf47d,B2C,,São Paulo,SP,2024-05-16
C0378,bebcb18a558a5c44,B2B,Café Orgânico Ltda,Brasília,DF,2023-12-24
C0379,bf5250a83104dc8f,B2C,,,SC,2022-06-20
C0380,9441053c9b7d90f3,B2C,,Belo Horizonte,MG,2023-09-04
C0381,a866aa8a34a1a01a,B2C,,São Paulo,SP,2024-05-29
C0382,39cb0f865b23bd6b,B2B,Escola Estadual Cantina,Recife,PE,2022-02-02
C0383,157e0e3121bc8890,B2C,,Porto Alegre,RS,2023-12-04
C0384,7ade9a87a342946c,B2C,,Recife,PE,2022-11-28
C0385,e9709cc77db8857a,B2C,,Porto Alegre,RS,2024-03-27
C0386,2725d7d9a4e0e90a,B2C,,,,2022-02-11
C0387,4774849e8c38f328,B2C,,,,2022-08-10
C0388,e9fafb2195587b87,B2B,Empório Sustentável,Florianópolis,SC,2024-02-23
C0389,2eafb218fb5bc54b,B2C,,São Paulo,SP,2024-04-17
C0390,c2a84211117b7f86,B2C,,Belo Horizonte,MG,2022-02-16
C0391,7eb0e1a66e56ffe8,B2C,,,,2024-06-20
C0392,ab4e4bd23b283cf1,B2C,,São Paulo,SP,2024-08-07
C0393,5291fbb5717178bf,B2C,,São Paulo,SP,2024-10-08
C0394,75ecc960810c68da,B2C,,São Paulo,SP,2023-06-02
C0395,9e82bbf5646c0e32,B2C,,São Paulo,SP,2024-01-31
C0396,8563cb4162073521,B2C,,São Paulo,SP,2024-11-13
C0397,eb55bfbc037869ad,B2C,,Curitiba,PR,2023-11-07
C0398,49dabe30a4df9d43,B2C,,Recife,PE,2024-01-27
C0399,4061bc7043f43150,B2C,,Belo Horizonte,MG,2022-07-11
C0400,40e51b70a1957889,B2C,,,,2023-07-27
C0401,a65e9d358569ccf6,B2C,,São Paulo,SP,2024-10-09
C0402,b684eed37b9f9c33,B2C,,Brasília,DF,2022-12-07
C0403,517ccb87ec48682f,B2B,Rede Vida Saudável,Campinas,SP,2024-08-18
C0404,3c23dd722f9d1ff4,B2C,,,MG,2023-05-20
C0405,1e2a3a5cae82706e,B2C,,São Paulo,SP,2024-05-31
C0406,4223113d500f0e80,B2B,Rede Vida Saudável,Fortaleza,CE,2022-05-25
C0407,c3c8df2e4c17e72c,B2B,Empório Sustentável,Campinas,SP,2024-09-25
C0408,4c4c8fc0063fa20b,B2C,,São Paulo,SP,2023-07-07
C0409,7fe2791cd181442b,B2C,,Curitiba,PR,2023-12-11
C0410,17a249f00010493b,B2C,,Belo Horizonte,MG,2024-03-02
C0411,30af812784c85e5c,B2C,,,CE,2022-02-25
C0412,ebf000607fb4c303,B2C,,Rio de Janeiro,RJ,2023-11-26
C0413,90b1bca68240a628,B2C,,Porto Alegre,RS,2022-05-09
C0414,45ffeae88291ca6a,B2C,,Florianópolis,SC,2022-09-29
C0415,230c4250c99292ac,B2C,,Fortaleza,CE,2022-07-01
C0416,dd945f8079214d88,B2C,,Curitiba,PR,2023-06-15
C0417,c41f34057813ce1b,B2C,,Campinas,SP,2023-11-07
C0418,8bc4b5c0b0adf475,B2C,,Salvador,BA,2022-09-17
C0419,666d933b74f33fdb,B2B,Hospital São Luís Nutrição,,,2023-05-16
C0420,697f46e11eef86cd,B2C,,,SP,2022-05-13
C0421,838a2fda5fe59f02,B2C,,Curitiba,PR,2022-09-08
C0422,b5682eaf3ced57e7,B2C,,,RJ,2024-05-11
C0423,e9002faded1c817c,B2B,Café Orgânico Ltda,São Paulo,SP,2022-03-30
C0424,8f9bc126fc77f836,B2B,Loja Mundo Verde Franquia,Rio de Janeiro,RJ,2023-07-15
C0425,4657faea3a0db86b,B2C,,Porto Alegre,RS,2022-02-04
C0426,d95c057148d94174,B2C,,Campinas,SP,2022-02-04
C0427,9f49a0cb0864cd13,B2C,,Florianópolis,SC,2022-09-19
C0428,547ec869a6f9e89c,B2C,,Rio de Janeiro,RJ,2024-10-12
C0429,10265e56c90c5959,B2C,,Brasília,DF,2023-10-11
C0430,fb049cd8e726fe6c,B2C,,Manaus,AM,2024-07-15
C0431,af97172a1ae0fbc3,B2B,Clube Esportivo NutriVida,,,2022-12-10
C0432,ebdf01e7dded5871,B2C,,Fortaleza,CE,2022-04-23
C0433,94b07a9d4acf66ab,B2B,Clube Esportivo NutriVida,Belo Horizonte,MG,2022-01-31
C0434,b6d1d2bae4d0b0db,B2C,,Curitiba,PR,2023-09-11
C0435,9863d925c5eab826,B2C,,São Paulo,SP,2022-07-02
C0436,7dbd277915a4a763,B2C,,Salvador,BA,2022-01-25
C0437,0a8482e5f81a1d59,B2C,,Florianópolis,SC,2022-05-31
C0438,7efd4ec8ac54a711,B2B,Empório Sustentável,Rio de Janeiro,RJ,2023-01-27
C0439,5b7696ff7dad4641,B2B,Clube Esportivo NutriVida,,,2024-01-14
C0440,9d9241183772584d,B2C,,São Paulo,SP,2023-11-20
C0441,80604ca6e703bc79,B2C,,Brasília,DF,2023-02-28
C0442,9ae3ced53f40291b,B2C,,São Paulo,SP,2022-10-10
C0443,37d822a9cc957807,B2B,Empório Sustentável,,,2022-05-04
C0444,2f694719fa351d59,B2C,,Manaus,AM,2022-11-29
C0445,ea1c4f5e2a65cc2b,B2C,,São Paulo,SP,2024-05-08
C0446,ce2f6dfe1d537e4a,B2C,,São Paulo,SP,2023-05-13
C0447,2787ff905a4e2a88,B2C,,Campinas,SP,2024-07-31
C0448,9d6371f11cbac64c,B2C,,São Paulo,SP,2022-05-10
C0449,d04808dff78c54bd,B2B,Restaurante Prato Verde,Campinas,SP,2024-05-17
C0450,2477545fca81aa1b,B2C,,Porto Alegre,RS,2024-08-02
C0451,784d2d52fc053d76,B2B,Café Orgânico Ltda,São Paulo,SP,2023-08-01
C0452,73be1eb61d05840a,B2C,,Recife,PE,2024-08-11
C0453,6f52acf91a9e5f56,B2B,Supermercado Bio Brasil,São Paulo,SP,2024-02-07
C0454,22b62cff68bc1f5e,B2C,,Belo Horizonte,MG,2023-02-20
C0455,55f18f3d43a3eea0,B2C,,,,2023-12-07
C0456,944a453e6f70155b,B2C,,Campinas,SP,2023-08-09
C0457,1915680041c24a4d,B2C,,Rio de Janeiro,RJ,2024-03-24
C0458,eb243b56d2746893,B2C,,,,2023-07-10
C0459,9be1d55f631bdc1c,B2C,,Rio de Janeiro,RJ,2023-04-27
C0460,5644c89386aa4690,B2B,Restaurante Prato Verde,Curitiba,PR,2022-06-14
C0461,c2b24c808c7cfbdd,B2C,,,,2024-01-25
C0462,65df324e4f748136,B2C,,,PR,2022-07-15
C0463,7ce56aaeb14f775d,B2C,,São Paulo,SP,2023-04-08
C0464,9599ab4ced711827,B2C,,São Paulo,SP,2023-07-22
C0465,86e30a6e3fd1d1bf,B2C,,Florianópolis,SC,2022-11-08
C0466,fd13a172debb18dc,B2B,Escola Estadual Cantina,São Paulo,SP,2023-10-17
C0467,3b6ca76cb1ff03a3,B2B,Bistrô Natureza,Campinas,SP,2022-11-05
C0468,eb26f459b5ac5e6f,B2B,Restaurante Vegê,,,2022-07-02
C0469,01e3174a02e13756,B2C,,Rio de Janeiro,RJ,2024-03-21
C0470,eece2c0874db19d9,B2C,,Rio de Janeiro,RJ,2024-01-14
C0471,ef4d688727c5d00c,B2C,,Salvador,BA,2024-07-19
C0472,38756a77db8e3ed8,B2C,,São Paulo,SP,2022-06-01
C0473,49d276ab9cb17666,B2B,Restaurante Vegê,Curitiba,PR,2024-06-09
C0474,6c46108c2344d94e,B2B,Rede Vida Saudável,Curitiba,PR,2023-10-22
C0475,64e7a38770264db4,B2C,,,,2024-03-16
C0476,011c88cc1cf59ef6,B2C,,Brasília,DF,2023-06-30
C0477,b3935850260f8460,B2C,,,,2023-10-07
C0478,c0e872104d1dc1d3,B2B,Mercado Natural SP,Campinas,SP,2024-05-02
C0479,5f1f7ff53c8ed7fa,B2C,,Curitiba,PR,2023-09-26
C0480,43bf1f53463fe2cc,B2B,Bistrô Natureza,Salvador,BA,2023-02-01
C0481,93ed0f953e40e529,B2C,,Rio de Janeiro,RJ,2024-10-26
C0482,8c2701e262de78a9,B2B,Supermercado Bio Brasil,Rio de Janeiro,RJ,2023-10-17
C0483,60e8cd160510ad1a,B2C,,Brasília,DF,2022-05-14
C0484,5c3f34f4a3bf7c7a,B2C,,Rio de Janeiro,RJ,2022-09-30
C0485,1b6eb0bc76620241,B2C,,Salvador,BA,2022-09-03
C0486,9fd273f78bfeb575,B2B,Padaria Integral Ltda,,BA,2024-07-06
C0487,aa71c551375c6b97,B2C,,,,2024-02-11
C0488,1bb305c186ef73d3,B2C,,,,2023-12-10
C0489,cf593a3ba19e3384,B2C,,Recife,PE,2023-02-18
C0490,26f444cd3c192a5f,B2C,,Florianópolis,SC,2023-01-29
C0491,25d68245e9023a57,B2C,,Rio de Janeiro,RJ,2024-03-21
C0492,b0646625e2c50500,B2C,,São Paulo,SP,2024-04-30
C0493,17d71d5b0e8ade37,B2C,,Florianópolis,SC,2022-10-15
C0494,0e3ddacde50ada0f,B2C,,Curitiba,PR,2024-09-26
C0495,0793aacd4ea56c14,B2C,,São Paulo,SP,2022-03-14
C0496,848a86c18236bd06,B2C,,Curitiba,PR,2023-03-21
C0497,32c3220358da8efc,B2B,Escola Estadual Cantina,Porto Alegre,RS,2023-02-13
C0498,91734f8dd573c913,B2B,Hotel Fazenda Eco,São Paulo,SP,2022-01-20
C0499,21fc8f95aab80b5a,B2C,,Campinas,SP,2024-07-29
C0500,dcde0b414f6e0edd,B2C,,Belo Horizonte,MG,2023-08-07
C0501,baf5646d6e1e5711,B2C,,Fortaleza,CE,2024-05-26
C0502,fdb11857b4aa58b7,B2C,,São Paulo,SP,2023-02-15
C0503,8d8c00d2f740f4ee,B2C,,Florianópolis,SC,2022-04-21
C0504,df4f26dbb8d1f3b3,B2C,,,,2023-05-28
C0505,1b512db87cd6ef05,B2C,,São Paulo,SP,2023-07-14
C0506,9acc2e7e3bd02b0e,B2C,,Rio de Janeiro,RJ,2023-07-25
C0507,46e67aa72a31c058,B2B,Restaurante Prato Verde,São Paulo,SP,2023-10-01
C0508,0e485069905082bd,B2C,,Belo Horizonte,MG,2023-08-16
C0509,8fae130bda716187,B2C,,,SP,2024-11-22
C0510,ce6b7d32ce47f591,B2C,,Campinas,SP,2022-01-25
C0511,3e96392c311d3e56,B2C,,,SP,2024-01-08
C0512,e3f578963a737201,B2B,Loja Mundo Verde Franquia,São Paulo,SP,2022-06-19
C0513,eda09ea9488a3d4e,B2C,,Curitiba,PR,2022-04-19
C0514,309b7eefb695498b,B2C,,Porto Alegre,RS,2023-03-03
C0515,31b92073ad33f936,B2C,,São Paulo,SP,2022-05-12
C0516,216f57809065ac6a,B2C,,Curitiba,PR,2023-03-20
C0517,ec1432d4a0fabd73,B2B,Supermercado Bio Brasil,,MG,2024-10-05
C0518,5cdc7d733d626531,B2C,,,SC,2022-11-14
C0519,ff563744b50be7f9,B2C,,Florianópolis,SC,2022-06-24
C0520,53f74587f1abb2de,B2C,,,,2024-11-16
C0521,8d58fbf19a03b5e4,B2C,,Florianópolis,SC,2022-05-20
C0522,a5672bcc6338ea10,B2C,,Florianópolis,SC,2024-01-27
C0523,a70aa9132b869adf,B2C,,,,2023-02-19
C0524,00738c69b4d3b47c,B2C,,São Paulo,SP,2024-11-10
C0525,fb07651d2e8424e9,B2C,,São Paulo,SP,2023-05-25
C0526,9d1229cbdc6a0056,B2C,,Recife,PE,2022-11-09
C0527,f34e0239d3e047df,B2C,,Fortaleza,CE,2024-05-20
C0528,18182826af493520,B2C,,Rio de Janeiro,RJ,2023-10-23
C0529,8000dbaafc66e73e,B2C,,Campinas,SP,2024-06-29
C0530,69ede522737564ad,B2C,,São Paulo,SP,2024-02-07
C0531,f40c13c622670b4e,B2B,Escola Estadual Cantina,São Paulo,SP,2022-02-06
C0532,ed88ee3fe5c4971e,B2C,,,,2022-11-30
C0533,38fec187f362d184,B2C,,Salvador,BA,2022-07-23
C0534,b25c6fced6830e71,B2C,,,,2022-09-10
C0535,7b5b0eb5e1391dd5,B2B,Padaria Integral Ltda,São Paulo,SP,2022-11-02
C0536,7053d2313f841bc1,B2C,,São Paulo,SP,2023-07-10
C0537,f694682c9f090ede,B2C,,Curitiba,PR,2022-07-23
C0538,06d2a9a412e636f9,B2C,,Porto Alegre,RS,2022-08-11
C0539,7cb51c9fa8007d1f,B2C,,São Paulo,SP,2024-01-08
C0540,a0836193c3a2c205,B2C,,Rio de Janeiro,RJ,2023-11-27
C0541,dafb4e90ba202714,B2C,,Salvador,BA,2022-09-13
C0542,b399cdbfb33fc597,B2C,,Belo Horizonte,MG,2023-01-19
C0543,0f6b2836a91de674,B2B,Café Orgânico Ltda,Brasília,DF,2024-06-27
C0544,d7c0f850b494fde5,B2C,,Belo Horizonte,MG,2024-07-11
C0545,efcd5d019601b860,B2C,,Porto Alegre,RS,2023-04-23
C0546,782d5e582327471e,B2B,Supermercado Bio Brasil,São Paulo,SP,2024-04-23
C0547,d06ed5ccd5db3abd,B2C,,São Paulo,SP,2024-04-27
C0548,6366f6527bebaadb,B2B,Supermercado Bio Brasil,Campinas,SP,2023-10-06
C0549,4e4e9ae6b860ec50,B2C,,Salvador,BA,2024-05-24
C0550,f388838159ca7739,B2B,Hospital São Luís Nutrição,,SP,2024-07-10
C0551,8234446d3989207e,B2C,,São Paulo,SP,2022-06-27
C0552,6f677204f55eba6e,B2B,Hospital São Luís Nutrição,Porto Alegre,RS,2024-05-28
C0553,dc4ff57425e71f9e,B2C,,Fortaleza,CE,2022-04-01
C0554,1c943d675233858c,B2C,,São Paulo,SP,2024-06-23
C0555,8fe4515747d4a795,B2C,,São Paulo,SP,2024-06-08
C0556,6feef8fbd46294b6,B2C,,Porto Alegre,RS,2024-03-05
C0557,f2f8c96075d0b4ff,B2C,,,,2023-10-06
C0558,5e0432543da0bf6a,B2C,,São Paulo,SP,2023-04-17
C0559,2430dbc302f26f34,B2C,,Florianópolis,SC,2022-01-15
C0560,e2ced5538fcd4ebd,B2C,,,,2023-11-29
C0561,4e6ce295d40b47a9,B2C,,Florianópolis,SC,2024-01-24
C0562,0f2813f02486a7b1,B2C,,São Paulo,SP,2022-05-04
C0563,79a582c4a5714f13,B2C,,Salvador,BA,2022-04-26
C0564,f32bd47b1fdfdacd,B2C,,Curitiba,PR,2022-04-23
C0565,5b3d78456dee89db,B2C,,,RJ,2022-08-30
C0566,778d1395909f701e,B2C,,Rio de Janeiro,RJ,2022-02-27
C0567,1f301211b5080049,B2C,,,SP,2023-07-28
C0568,8887c46b5ace2d0b,B2C,,Brasília,DF,2022-07-22
C0569,538b3984f8aa1944,B2C,,São Paulo,SP,2024-09-16
C0570,b7895f3ad20d2494,B2C,,São Paulo,SP,2022-10-15
C0571,5fbadcc729102d4c,B2C,,Campinas,SP,2024-01-05
C0572,4cd4709facf0c85c,B2C,,Rio de Janeiro,RJ,2023-01-17
C0573,f518441923269e83,B2C,,Curitiba,PR,2023-09-17
C0574,4438f8f0ead0b539,B2C,,Curitiba,PR,2023-12-15
C0575,b35c9b163f87ad83,B2C,,São Paulo,SP,2024-11-11
C0576,8f4422c928aff888,B2C,,Campinas,SP,2023-06-01
C0577,5a5f9f0f6cad920f,B2C,,São Paulo,SP,2022-02-04
C0578,e01f8b94d599cbef,B2C,,Florianópolis,SC,2022-05-02
C0579,6a572a33c2a83904,B2B,Hotel Fazenda Eco,Porto Alegre,RS,2024-09-16
C0580,7e8ccae44caa99ef,B2C,,Brasília,DF,2024-09-25
C0581,116945120f4c11ac,B2C,,Salvador,BA,2022-11-12
C0582,ce406ebec13485df,B2C,,Rio de Janeiro,RJ,2022-08-02
C0583,17a688e400c3096e,B2B,Escola Estadual Cantina,São Paulo,SP,2023-03-03
C0584,9a58a92da23227e9,B2C,,Florianópolis,SC,2022-07-08
C0585,4127589108717e9d,B2C,,Campinas,SP,2023-04-14
C0586,d6ffcd427dc7a1f5,B2C,,,,2023-11-16
C0587,e8c5cce5fff1dc3c,B2C,,,SP,2024-03-04
C0588,5c617be39697e108,B2B,Empório Sustentável,São Paulo,SP,2022-09-15
C0589,081d3eaaf57e13c7,B2C,,,,2024-08-21
C0590,3164a57a1f7e6a54,B2C,,Porto Alegre,RS,2023-11-01
C0591,95b1579ac3929de4,B2C,,,RJ,2023-06-06
C0592,74307340cb86dc2a,B2B,Loja Mundo Verde Franquia,São Paulo,SP,2022-08-07
C0593,61fc8d7005235e70,B2C,,,,2023-03-05
C0594,0ad00a094014508c,B2C,,Porto Alegre,RS,2023-01-19
C0595,1b2567ec10d8250c,B2C,,Belo Horizonte,MG,2023-09-24
C0596,1cc7591b062fed75,B2C,,Curitiba,PR,2023-09-15
C0597,491e024259f50fa9,B2B,Clube Esportivo NutriVida,São Paulo,SP,2024-02-08
C0598,cc585602bd42e0dc,B2C,,Rio de Janeiro,RJ,2024-04-19
C0599,13b70b924bdfe5ce,B2C,,São Paulo,SP,2023-06-07
C0600,1c5172bcc25e91b8,B2C,,Rio de Janeiro,RJ,2023-02-27
C0601,412bdff9de68fd1d,B2C,,São Paulo,SP,2022-09-16
C0602,b537357dc30062dc,B2C,,,PR,2024-04-28
C0603,f9282cecc8d42843,B2C,,,,2024-03-09
C0604,ce4289a217b6bd7d,B2C,,Manaus,AM,2022-06-27
C0605,8b780ca5cac15061,B2C,,Porto Alegre,RS,2024-05-17
C0606,44ef281f36d4f4ea,B2C,,Belo Horizonte,MG,2024-11-06
C0607,75eda30446244694,B2B,Hotel Fazenda Eco,Porto Alegre,RS,2023-07-29
C0608,8fd71e702ddeba6f,B2C,,Rio de Janeiro,RJ,2023-10-22
C0609,b5f337307d6020c9,B2C,,,,2023-09-16
C0610,ae4d5d783441ec25,B2C,,São Paulo,SP,2024-04-13
C0611,474ddfff73a91f92,B2C,,Campinas,SP,2022-02-27
C0612,2906f161549c68be,B2C,,São Paulo,SP,2024-06-06
C0613,59e9cc667be03e1a,B2C,,,MG,2023-01-28
C0614,31adb7a2a047a682,B2B,Restaurante Vegê,,RS,2023-10-23
C0615,209cd0e1a07c7b1b,B2C,,Salvador,BA,2022-05-05
C0616,89822cc74807b77e,B2C,,Rio de Janeiro,RJ,2024-07-21
C0617,4194d96a4661e5d0,B2C,,Rio de Janeiro,RJ,2022-05-16
C0618,fb2ac681c3045d95,B2B,Restaurante Prato Verde,Rio de Janeiro,RJ,2024-09-24
C0619,abd691a811b6e042,B2B,Catering Saudável Eventos,São Paulo,SP,2023-11-17
C0620,a45cbaaba4991aea,B2C,,Belo Horizonte,MG,2022-11-10
C0621,082665e60ae0de28,B2B,Padaria Integral Ltda,São Paulo,SP,2022-03-30
C0622,e39978d394679607,B2C,,,SP,2023-11-23
C0623,972fe4084f1b3a17,B2C,,Porto Alegre,RS,2024-06-17
C0624,9f29f7803bfe4693,B2C,,São Paulo,SP,2024-02-20
C0625,cfd3faea591980a0,B2C,,São Paulo,SP,2024-09-11
C0626,fa57ee2875d9a8e3,B2B,Mercado Natural SP,São Paulo,SP,2022-02-07
C0627,3b591a511c673c76,B2C,,São Paulo,SP,2023-07-27
C0628,7689840b7f6e0b87,B2C,,Salvador,BA,2022-05-29
C0629,ab086044d4aa6142,B2C,,Porto Alegre,RS,2023-05-04
C0630,3e431ae1a2593aa0,B2C,,,MG,2022-12-20
C0631,dff655537c44e70e,B2C,,Rio de Janeiro,RJ,2022-09-20
C0632,9768b84c09e3c982,B2C,,Campinas,SP,2024-08-06
C0633,7d15a68ec8e4fb76,B2C,,Brasília,DF,2023-10-31
C0634,5ba7403b4aa91e5b,B2B,Hospital São Luís Nutrição,Rio de Janeiro,RJ,2024-05-24
C0635,0bca0d28ac9eda59,B2C,,,RS,2023-11-22
C0636,6fcb86de416ea574,B2C,,,RJ,2024-04-28
C0637,e5a08f52a5012e0b,B2C,,Campinas,SP,2023-08-19
C0638,8e73ef13d0010712,B2C,,Rio de Janeiro,RJ,2024-03-11
C0639,1114e1caaab846ca,B2C,,Curitiba,PR,2023-05-04
C0640,2f14992d401b1c28,B2C,,São Paulo,SP,2023-12-06
C0641,4d4a21f2c22ef051,B2C,,Curitiba,PR,2023-01-09
C0642,3d5502f71a9fcf65,B2B,Loja Mundo Verde Franquia,Salvador,BA,2023-06-01
C0643,1345d5bf755bc4d7,B2C,,Porto Alegre,RS,2023-05-22
C0644,460b63908528e31e,B2C,,São Paulo,SP,2024-07-23
C0645,74c49a1e4e500457,B2C,,,RS,2022-09-25
C0646,8911715b3592e7be,B2B,Supermercado Bio Brasil,Recife,PE,2022-04-27
C0647,75380019547af2d4,B2C,,Brasília,DF,2023-08-28
C0648,2a16e2451794d62b,B2C,,São Paulo,SP,2022-07-18
C0649,66af07cbdf3c3d7b,B2C,,São Paulo,SP,2022-08-05
C0650,43f2017425c6560c,B2C,,,RJ,2023-06-17
C0651,09f63118cdb88308,B2C,,São Paulo,SP,2024-07-28
C0652,423b577c0c29c7d1,B2C,,,PR,2022-02-04
C0653,bc7df529ef0ef15d,B2C,,,SP,2023-06-29
C0654,40d835483a6f89e7,B2C,,,,2024-07-14
C0655,899a6c25c22d79ac,B2C,,Rio de Janeiro,RJ,2022-04-09
C0656,aec22b44145c3e5e,B2C,,Florianópolis,SC,2024-09-13
C0657,01420b2fb21659ad,B2C,,Fortaleza,CE,2024-06-08
C0658,6507bc3ee25a6f94,B2C,,,,2023-09-29
C0659,9a4f44bb4a6611da,B2C,,Salvador,BA,2024-06-08
C0660,8b4011dd121a91d0,B2B,Supermercado Bio Brasil,São Paulo,SP,2024-10-14
C0661,240f64ddbdd97de4,B2C,,São Paulo,SP,2024-03-21
C0662,26982a247edcf930,B2C,,Fortaleza,CE,2022-04-26
C0663,5469d52abc66d9bc,B2C,,São Paulo,SP,2022-04-20
C0664,656a76eed4550abe,B2C,,Salvador,BA,2024-05-01
C0665,7828919d8452dcf9,B2C,,São Paulo,SP,2023-12-20
C0666,0d91498709965459,B2B,Mercado Natural SP,Rio de Janeiro,RJ,2023-03-29
C0667,f3ec0ed8b560c286,B2C,,São Paulo,SP,2022-10-06
C0668,60e0bb0851826f7c,B2B,Padaria Integral Ltda,Brasília,DF,2023-10-14
C0669,f1231020e976b690,B2C,,São Paulo,SP,2024-06-27
C0670,a350e0f3ec3bb97c,B2B,Catering Saudável Eventos,Rio de Janeiro,RJ,2022-01-20
C0671,2d0dc467d83aa5e8,B2C,,Manaus,AM,2024-06-09
C0672,9a63a10635ad5b33,B2B,Escola Estadual Cantina,Recife,PE,2022-09-08
C0673,4fc3fc44a1495737,B2B,Rede Vida Saudável,Curitiba,PR,2024-03-19
C0674,a56c538ef4243c5a,B2C,,Florianópolis,SC,2023-02-02
C0675,8028d25bf2b19406,B2C,,Florianópolis,SC,2022-07-24
C0676,7fbbf0b83f89c063,B2B,Clube Esportivo NutriVida,Manaus,AM,2024-10-13
C0677,3fee07b37f76e692,B2C,,,PE,2022-05-29
C0678,98715203c594d3df,B2C,,Belo Horizonte,MG,2023-03-23
C0679,64c63864d002eb5e,B2C,,Salvador,BA,2023-03-06
C0680,d7e352f81e229ffd,B2C,,São Paulo,SP,2024-04-10
C0681,717de8fef9882ef7,B2C,,São Paulo,SP,2024-02-10
C0682,77e6eb2133826f15,B2C,,,,2022-04-13
C0683,8cd9424c12f20b80,B2B,Café Orgânico Ltda,Porto Alegre,RS,2022-07-04
C0684,533d41a05692e00f,B2B,Restaurante Prato Verde,,,2023-01-24
C0685,bb5c867664b27048,B2C,,Curitiba,PR,2022-05-25
C0686,46aeb971c691d58b,B2C,,Florianópolis,SC,2023-10-03
C0687,70c1571456958bc7,B2B,Supermercado Bio Brasil,Campinas,SP,2023-04-14
C0688,ebc1498a74f27fd5,B2B,Empório Sustentável,Curitiba,PR,2024-03-19
C0689,b4f4d92d559b2027,B2B,Loja Mundo Verde Franquia,,DF,2023-12-11
C0690,bd745c472632d3fa,B2C,,São Paulo,SP,2023-04-04
C0691,59a65607926a5c42,B2B,Escola Estadual Cantina,São Paulo,SP,2022-02-02
C0692,af09a6f6c1e0e192,B2C,,São Paulo,SP,2022-09-10
C0693,f403d6b719c374f5,B2C,,Rio de Janeiro,RJ,2022-03-03
C0694,c80df02088f1748b,B2C,,São Paulo,SP,2024-11-14
C0695,68dd594920984a12,B2C,,São Paulo,SP,2023-05-07
C0696,74d2457be705fcbc,B2C,,Porto Alegre,RS,2024-01-24
C0697,04494722c8481536,B2C,,Florianópolis,SC,2023-12-18
C0698,80061e71c828f00c,B2C,,Rio de Janeiro,RJ,2022-07-02
C0699,b0510cad5576b17c,B2C,,Belo Horizonte,MG,2023-02-18
C0700,10c00edaa1d0e6ac,B2C,,São Paulo,SP,2022-09-04
C0701,f8bddbf068a291d8,B2C,,São Paulo,SP,2022-08-07
C0702,cbd82367a565d315,B2C,,Belo Horizonte,MG,2024-04-14
C0703,5a7d46cf10bcc245,B2C,,Florianópolis,SC,2023-05-21
C0704,f1f86514620f0ed5,B2C,,Porto Alegre,RS,2022-01-27
C0705,79929d85298ca993,B2B,Hospital São Luís Nutrição,Rio de Janeiro,RJ,2023-05-20
C0706,798a10c402532d0a,B2B,Hotel Fazenda Eco,São Paulo,SP,2024-09-12
C0707,7323307c2624fe2d,B2B,Catering Saudável Eventos,Belo Horizonte,MG,2024-05-29
C0708,7e110627e44279e9,B2C,,Belo Horizonte,MG,2022-03-30
C0709,336d4482c6a53c8a,B2B,Hospital São Luís Nutrição,Belo Horizonte,MG,2022-08-19
C0710,430d147e648a2c60,B2B,Mercado Natural SP,São Paulo,SP,2023-11-11
C0711,da51bbb77beec851,B2B,Empório Sustentável,,RJ,2024-08-02
C0712,1a5bc6fee54b35a1,B2C,,Florianópolis,SC,2022-04-07
C0713,27950469f0b795ae,B2B,Restaurante Prato Verde,,RJ,2024-02-17
C0714,4416d11200d8ab12,B2C,,Rio de Janeiro,RJ,2023-08-18
C0715,33f6af0506d9196c,B2C,,Curitiba,PR,2024-02-28
C0716,e8bbb13c9f472074,B2B,Hospital São Luís Nutrição,,,2022-06-20
C0717,704f65e61f01b598,B2C,,Florianópolis,SC,2024-04-30
C0718,81720b9a7c310ffd,B2C,,Belo Horizonte,MG,2024-06-13
C0719,a0e5c7d61e2a55f6,B2B,Mercado Natural SP,Rio de Janeiro,RJ,2022-12-14
C0720,212b609043a49ef6,B2B,Café Orgânico Ltda,São Paulo,SP,2023-11-01
C0721,4bbd14cf83cb5986,B2C,,Florianópolis,SC,2022-02-09
C0722,4d4a5e65b8dc71f2,B2C,,Porto Alegre,RS,2022-04-13
C0723,ad250fecc68e1681,B2B,Hospital São Luís Nutrição,Porto Alegre,RS,2024-07-14
C0724,9cf1aaa34ff98fd0,B2C,,São Paulo,SP,2022-11-02
C0725,7c0152baf9d22fbb,B2C,,São Paulo,SP,2023-06-18
C0726,d35877f92462642c,B2C,,São Paulo,SP,2023-08-03
C0727,113bea784c1c3b1c,B2C,,Florianópolis,SC,2023-03-09
C0728,8ea3465cf2acce48,B2B,Supermercado Bio Brasil,Florianópolis,SC,2023-05-10
C0729,2cf2c600e17c3b3e,B2C,,,RJ,2022-11-21
C0730,08bb64a54ea99e09,B2C,,,MG,2022-05-31
C0731,511fe0a14433cb5c,B2C,,Rio de Janeiro,RJ,2022-12-21
C0732,18c492953e0e2ebe,B2C,,Belo Horizonte,MG,2022-06-07
C0733,458c957164fd8247,B2C,,,SP,2022-03-19
C0734,257cf9487e64fe5b,B2C,,São Paulo,SP,2022-10-19
C0735,6cdb24b5b7cacb5f,B2B,Clube Esportivo NutriVida,Florianópolis,SC,2023-01-21
C0736,03dcd9be79319de0,B2C,,Rio de Janeiro,RJ,2022-04-01
C0737,4ae17fb7a96cc0d6,B2C,,Campinas,SP,2023-02-15
C0738,63ad57af9a98973e,B2C,,Curitiba,PR,2022-04-18
C0739,3132dd9f4b588bec,B2B,Bistrô Natureza,Salvador,BA,2023-07-24
C0740,60307b507948583f,B2B,Catering Saudável Eventos,Florianópolis,SC,2022-11-02
C0741,ad66b8f113bbd001,B2C,,São Paulo,SP,2024-04-30
C0742,fd264d40277c90df,B2C,,Belo Horizonte,MG,2023-11-05
C0743,57ba99d7c3ab251a,B2C,,Rio de Janeiro,RJ,2023-08-08
C0744,ff6f708ff7ca9d22,B2C,,São Paulo,SP,2024-05-08
C0745,fe8b0cc98b6cb470,B2C,,Porto Alegre,RS,2024-09-29
C0746,2b94b400956e1db5,B2C,,Porto Alegre,RS,2022-12-11
C0747,719ad71313c4e0ed,B2B,Rede Vida Saudável,Fortaleza,CE,2024-06-22
C0748,5cd71b468319f233,B2B,Clube Esportivo NutriVida,Salvador,BA,2022-01-27
C0749,e7c2df871812f132,B2C,,Curitiba,PR,2023-11-03
C0750,7dfb3c5979adf91b,B2C,,Rio de Janeiro,RJ,2024-11-17
C0751,12af44b8c02d748c,B2C,,Porto Alegre,RS,2022-02-22
C0752,a8caa9ce1379137c,B2C,,São Paulo,SP,2022-02-21
C0753,af3a815281420c6c,B2C,,,,2023-12-17
C0754,adce235c871260ce,B2C,,Florianópolis,SC,2022-08-04
C0755,f728e373c2b10924,B2C,,Brasília,DF,2022-02-09
C0756,8447700878c40151,B2C,,,PR,2023-05-23
C0757,4a29caf11fd2a83d,B2C,,Manaus,AM,2024-09-11
C0758,47c74f5656c61182,B2C,,São Paulo,SP,2024-07-19
C0759,7f6f39c5d165fdfb,B2C,,Recife,PE,2022-12-30
C0760,a12f2f8a06f18b0c,B2C,,São Paulo,SP,2023-10-30
C0761,35b02abb0aa34a81,B2C,,Rio de Janeiro,RJ,2023-08-02
C0762,94a1bdacad983219,B2C,,São Paulo,SP,2023-06-27
C0763,6a9751208300361a,B2C,,Curitiba,PR,2022-05-26
C0764,bf6727fe5468b5dd,B2C,,Campinas,SP,2022-08-19
C0765,278269c9c8c4570c,B2C,,Rio de Janeiro,RJ,2022-09-06
C0766,de7dfab051427d2b,B2C,,Belo Horizonte,MG,2024-05-04
C0767,abfe410cfdb1e246,B2C,,Florianópolis,SC,2023-12-19
C0768,2ea8a850b429fe42,B2C,,São Paulo,SP,2022-07-16
C0769,63e3f10b3addd1dc,B2C,,Recife,PE,2022-11-26
C0770,0e76022370835343,B2C,,São Paulo,SP,2024-01-17
C0771,1a587910cec6c922,B2B,Café Orgânico Ltda,Rio de Janeiro,RJ,2023-01-05
C0772,c4ff351cb686201f,B2C,,São Paulo,SP,2023-04-11
C0773,ce942a2688e845b9,B2C,,Rio de Janeiro,RJ,2023-01-21
C0774,04547d4110409bb1,B2C,,São Paulo,SP,2022-11-14
C0775,d49bcae1462a66b1,B2C,,São Paulo,SP,2024-03-04
C0776,e53493176acc7ea4,B2C,,Rio de Janeiro,RJ,2024-07-06
C0777,665ff94a4a644437,B2C,,,,2023-10-25
C0778,2e0bc6384529d78e,B2C,,,DF,2024-09-06
C0779,fb5b017c2c84346d,B2C,,Florianópolis,SC,2024-09-08
C0780,0949bccc4d24a9f9,B2C,,São Paulo,SP,2022-10-19
C0781,38d1e4ef28ee4d3f,B2C,,Recife,PE,2024-10-21
C0782,672c2bc08acab2b0,B2C,,Belo Horizonte,MG,2024-09-28
C0783,882d0e7c49442450,B2C,,Porto Alegre,RS,2024-05-17
C0784,8b6cfe526d29b4d6,B2C,,São Paulo,SP,2022-07-19
C0785,e80de3217ac83b96,B2C,,São Paulo,SP,2023-06-05
C0786,1014a7989f80cc60,B2C,,,,2023-01-18
C0787,f33312200da1d151,B2C,,São Paulo,SP,2024-09-12
C0788,c487b4979a6dc082,B2C,,,,2023-07-27
C0789,f9bec1537ef98ec0,B2B,Café Orgânico Ltda,São Paulo,SP,2024-05-05
C0790,539e46fea5f83fe7,B2C,,Salvador,BA,2022-04-29
C0791,443e57bae4291488,B2B,Hospital São Luís Nutrição,Curitiba,PR,2023-06-06
C0792,98e85e23251f0fc4,B2B,Clube Esportivo NutriVida,São Paulo,SP,2022-03-22
C0793,ea3ddae05c384f51,B2C,,Rio de Janeiro,RJ,2022-06-04
C0794,3db2b492d9858826,B2C,,Florianópolis,SC,2024-07-17
C0795,e43cddef0041eccf,B2C,,Rio de Janeiro,RJ,2022-12-10
C0796,a180087d334df85c,B2C,,Porto Alegre,RS,2022-06-23
C0797,6b123589d59663e9,B2B,Supermercado Bio Brasil,São Paulo,SP,2024-11-02
C0798,5d3326df610270ac,B2C,,Fortaleza,CE,2023-07-13
C0799,a84a264e8001e887,B2B,Rede Vida Saudável,Campinas,SP,2024-08-06
C0800,81c6a71e3c9f3928,B2B,Hotel Fazenda Eco,Rio de Janeiro,RJ,2023-12-31
C0801,c80551f2ed49bd83,B2C,,São Paulo,SP,2023-06-08
C0802,d9270c5e3bd44592,B2C,,Brasília,DF,2024-07-31
C0803,6dc9ee0161badd14,B2B,Hospital São Luís Nutrição,Manaus,AM,2024-02-12
C0804,9091a1ba96499faa,B2C,,Porto Alegre,RS,2024-04-03
C0805,d0064d72271b1640,B2B,Empório Sustentável,São Paulo,SP,2024-11-20
C0806,13a32a7828781c1c,B2B,Restaurante Vegê,,,2022-08-25
C0807,dbeb32015840015f,B2C,,Brasília,DF,2022-10-03
C0808,0537d9453b410e4b,B2C,,São Paulo,SP,2023-01-04
C0809,ccf2b4fe82db1fbb,B2C,,Salvador,BA,2024-10-29
C0810,fa3cfbd2672ea47f,B2C,,Brasília,DF,2022-08-12
C0811,81d685952bddd99c,B2C,,Campinas,SP,2022-09-04
C0812,c1546d57d060a8f5,B2C,,Belo Horizonte,MG,2024-05-03
C0813,ee0afc605d64eace,B2C,,Rio de Janeiro,RJ,2024-04-10
C0814,53e6ea3a1cf2a0ed,B2B,Café Orgânico Ltda,Campinas,SP,2022-04-22
C0815,4612afd818fa3e42,B2B,Loja Mundo Verde Franquia,Porto Alegre,RS,2022-03-19
C0816,7fc6659bc7877af6,B2C,,,MG,2023-08-31
C0817,380c45b5b4224586,B2C,,Fortaleza,CE,2023-05-13
C0818,84e4806ad46a8e29,B2C,,Florianópolis,SC,2022-12-30
C0819,5f29ee9235cccfee,B2C,,,SC,2023-03-03
C0820,da22fef3880e7279,B2B,Hospital São Luís Nutrição,,,2022-01-05
C0821,00cb449ef034d6c8,B2C,,Recife,PE,2023-06-12
C0822,3a57094d17db365f,B2C,,São Paulo,SP,2023-04-05
C0823,75eb7d16e088b55d,B2C,,Rio de Janeiro,RJ,2023-11-24
C0824,660b2b070ac621ad,B2C,,Rio de Janeiro,RJ,2024-05-02
C0825,e92aad46d595fb2b,B2C,,São Paulo,SP,2023-12-30
C0826,b03864c0a373be89,B2C,,Rio de Janeiro,RJ,2022-04-28
C0827,9940356e7e6b02f4,B2C,,Porto Alegre,RS,2022-09-24
C0828,9c1d74612e5f052c,B2C,,Porto Alegre,RS,2024-05-11
C0829,f760730ecae76570,B2C,,Belo Horizonte,MG,2023-10-10
C0830,1daec8ccd2f79a46,B2C,,,SC,2023-02-26
C0831,b3e76ee50bfd06ba,B2B,Clube Esportivo NutriVida,Florianópolis,SC,2024-10-21
C0832,e951ac9c2c2e352d,B2C,,Curitiba,PR,2022-03-17
C0833,98c2816c9a7c7d1d,B2C,,Curitiba,PR,2024-02-28
C0834,be8f9a1fc4fa7e4d,B2C,,,SP,2024-04-12
C0835,0a354feea9508a95,B2C,,,,2024-11-20
C0836,619794d894ca96c2,B2B,Mercado Natural SP,Curitiba,PR,2023-05-01
C0837,f6bc34027678de86,B2B,Bistrô Natureza,Porto Alegre,RS,2022-02-18
C0838,f8604dca7a1e1d72,B2C,,Belo Horizonte,MG,2024-03-28
C0839,53943b01e1517936,B2B,Catering Saudável Eventos,Brasília,DF,2024-02-17
C0840,bfe54cafc9af550a,B2C,,Belo Horizonte,MG,2024-07-27
C0841,2b22ec68dbceb824,B2C,,São Paulo,SP,2023-04-04
C0842,da663b475fc403e2,B2C,,Curitiba,PR,2023-07-26
C0843,2e91bd58163bd4c8,B2C,,Brasília,DF,2023-09-27
C0844,b3a50547672b79dd,B2B,Hotel Fazenda Eco,Rio de Janeiro,RJ,2024-11-20
C0845,82431ea609bc2e10,B2C,,São Paulo,SP,2022-11-11
C0846,bf16570db00d4fcc,B2C,,,,2023-11-02
C0847,8e8dd22e8665b428,B2C,,Salvador,BA,2024-07-29
C0848,e9ce3a4e476829eb,B2C,,Salvador,BA,2022-04-29
C0849,ee9caab23bddd8b6,B2B,Rede Vida Saudável,São Paulo,SP,2023-02-26
C0850,14bc0156710d20eb,B2C,,São Paulo,SP,2024-09-20
